{"epoch_times": [77.96975088119507, 79.69173383712769, 79.94460391998291, 87.31809496879578, 87.6175889968872, 81.71111607551575, 79.80517625808716, 82.49028491973877, 78.17130494117737, 77.93385910987854, 79.12035393714905, 80.72394704818726, 78.83516097068787, 79.81079602241516, 78.26439189910889, 78.1845350265503, 79.11177802085876, 79.28123497962952, 78.59666800498962, 78.53853702545166], "train_times": [74.95051002502441, 76.11923813819885, 76.85884118080139, 84.23828101158142, 84.48900699615479, 78.04843711853027, 76.67650485038757, 79.44080781936646, 75.08396100997925, 74.86614513397217, 75.95503902435303, 77.68972086906433, 75.7828209400177, 76.76276183128357, 75.11015772819519, 75.15042781829834, 75.81702828407288, 76.25420188903809, 75.56791186332703, 75.51022911071777], "val_times": [3.019240140914917, 3.572495698928833, 3.085757255554199, 3.0798118114471436, 3.128582000732422, 3.6626760959625244, 3.128669023513794, 3.0494749546051025, 3.0873422622680664, 3.067713975906372, 3.165313959121704, 3.0342252254486084, 3.0523390769958496, 3.048034191131592, 3.15423321723938, 3.034104108810425, 3.2947487831115723, 3.027031183242798, 3.028754234313965, 3.0283079147338867], "test_time": 15.538187026977539}