{"train_acc": [2.112676056338028, 7.276995305164319, 17.546948356807512, 28.69718309859155, 40.61032863849765, 49.88262910798122, 59.683098591549296, 63.791079812206576, 74.47183098591549, 81.10328638497653, 82.45305164319248, 87.08920187793427, 90.19953051643192, 92.0774647887324, 95.30516431924883, 95.24647887323944, 96.77230046948357, 97.53521126760563, 99.23708920187794, 99.00234741784037], "val_acc": [6.338028169014084, 9.859154929577464, 13.380281690140844, 26.76056338028169, 24.647887323943664, 20.422535211267608, 40.140845070422536, 38.028169014084504, 50.0, 56.33802816901409, 61.267605633802816, 67.6056338028169, 64.08450704225352, 63.38028169014085, 83.09859154929578, 77.46478873239437, 73.23943661971832, 69.01408450704226, 90.14084507042254, 87.32394366197182], "train_loss": [4.740067813318101, 3.9733875682096524, 3.4211268223507303, 2.927281227470004, 2.5287852667866737, 2.1716187134594986, 1.7800743009003115, 1.5650639035892038, 1.221782534335141, 0.9985235509738116, 0.88026513068329, 0.7232154344728855, 0.5927146975423249, 0.4867611810075285, 0.3951590008019282, 0.3435927246098227, 0.26327443934382405, 0.23128478767726343, 0.1549873132381081, 0.15304283315027264], "val_loss": [4.267389122868927, 4.025541859613338, 3.951984015988632, 3.01039526496135, 3.1583163368869833, 3.2948009699163303, 2.267300290121159, 2.4598686829419205, 1.775087615134011, 1.6043395895353505, 1.3567321350876713, 1.3310668888226362, 1.2599845117246602, 1.3887640456078758, 0.6748459821855518, 0.8860967394331811, 0.904919295243814, 0.9918654695363112, 0.4195484531597352, 0.4837402117923951]}