{"epoch_times": [37.393752098083496, 37.49705219268799, 37.47688913345337, 37.562350034713745, 37.54517388343811, 37.667551040649414, 37.84268307685852, 37.50417923927307, 38.56649708747864, 38.55608797073364, 37.558122873306274, 39.601640939712524, 40.704265832901, 37.95675206184387, 37.94499611854553, 37.83289289474487, 37.78429889678955, 37.785841941833496, 37.82324004173279, 37.79686903953552], "train_times": [35.984793186187744, 36.07540512084961, 36.063632011413574, 36.1490740776062, 36.12571382522583, 36.25177311897278, 36.423295974731445, 36.09143018722534, 36.33943724632263, 37.14153599739075, 36.14415192604065, 38.090603828430176, 39.26663422584534, 36.51944398880005, 36.50397491455078, 36.40059185028076, 36.349344968795776, 36.36701226234436, 36.40392017364502, 36.38258695602417], "val_times": [1.408958911895752, 1.421647071838379, 1.4132561683654785, 1.4132750034332275, 1.4194579124450684, 1.4157769680023193, 1.4193861484527588, 1.4127471446990967, 2.2270588874816895, 1.4145519733428955, 1.4139697551727295, 1.5110321044921875, 1.4376301765441895, 1.4373068809509277, 1.4410181045532227, 1.432300090789795, 1.4349498748779297, 1.4188296794891357, 1.4193198680877686, 1.4142792224884033], "test_time": 7.119187831878662}
